,actual,actual,actual,AR,AR,AR,VAR,VAR,VAR
,g_gdp,g_cons,g_inv,g_gdp,g_cons,g_inv,g_gdp,g_cons,g_inv
2004Q4,0.8638865661898976,1.143533669801755,2.0403414183223667,0.7971940015420425,0.8739693792381341,1.066565011769776,0.8423421752834491,0.8871696837588642,1.2080506426128583
2005Q1,0.9928644671413522,0.7459800209780099,2.10216168488655,0.813434146795635,0.8791661351087376,1.0490600588712078,0.825941281433383,0.8853049300564426,1.0673373317210457
2005Q2,0.4253071337316783,0.9576660204851706,-1.8054001870183356,0.8174705029376422,0.8804048675862566,1.047677418146227,0.8225860455400369,0.8816448680412622,1.0572827954251747
2005Q3,0.7567538827411013,0.7097406480417234,1.0956113173677728,0.8184737064589602,0.8807001399040385,1.0475682093191336,0.8205926678588,0.8806677676503649,1.0458870012485433
2005Q4,0.515464977792135,0.25796872496552936,3.521745293244205,0.8187230445425626,0.8807705229312301,1.0475595833849343,0.8199613113305757,0.8802149372596243,1.0429567755853089
2006Q1,1.3032825454358132,1.0976272570252021,1.446706222507732,0.8187850154972227,0.8807872998866653,1.0475589020595981,0.8196967397389605,0.8800571623370194,1.0415779971483003
2006Q2,0.35955893813284234,0.5371345093337254,-0.1535141513263838,0.8188004178744529,0.8807912989507138,1.0475588482446487,0.8196003197492472,0.8799942690432803,1.041100974229156
2006Q3,0.02664262315530408,0.6145988881025133,-1.4078087577432008,0.8188042460101601,0.8807922521935907,1.047558843994038,0.81956274458689,0.879970805295499,1.040910141032913
2006Q4,0.7282045058815356,0.9949568459104441,-2.897189213120477,0.8188051974621842,0.8807924794147532,1.0475588436583005,0.8195485738180066,0.8799617667103236,1.0408390669425682
2007Q1,0.2998559618191621,0.905317160290231,-1.552033852428636,0.8188054339378537,0.8807925335766652,1.0475588436317822,0.819543143916828,0.8799583388809881,1.0408116653220454
2007Q2,0.7913399166394441,0.28453507443444437,1.378658394853094,0.8188054927119598,0.8807925464870503,1.0475588436296874,0.819541079359408,0.8799570289967156,1.0408012776082372
2007Q3,0.8831847811689997,0.4735045433360341,0.19761112812322068,0.8188055073197863,0.8807925495644535,1.047558843629522,0.8195402914129303,0.879956530292489,1.0407973073472159
2007Q4,0.5251514014275926,0.29947827636505053,-2.0077985987605906,0.8188055109504428,0.8807925502980033,1.047558843629509,0.8195399912402547,0.8799563400827106,1.0407957959182983
2008Q1,-0.1822550479431584,-0.14962702917689086,-1.927639001132686,0.818805511852813,0.880792550472857,1.047558843629508,0.8195398767858962,0.8799562675985065,1.040795219420448
2008Q2,0.36144287915647055,0.014972781649902345,-2.743538266838197,0.8188055120770898,0.8807925505145362,1.047558843629508,0.8195398331639128,0.8799562399648505,1.040794999736452
2008Q3,-0.6781361391523077,-0.894805285032696,-1.7836230035642942,0.818805512132832,0.8807925505244711,1.047558843629508,0.8195398165347663,0.8799562294320559,1.0407949159838783
2008Q4,-1.380482973598518,-0.7842752651521678,-6.916464982757464,0.8188055121466863,0.8807925505268394,1.047558843629508,0.8195398101962147,0.8799562254169915,1.0407948840610681
2009Q1,-1.6611979742227945,0.15105004366180452,-17.559819913074826,0.8188055121501296,0.8807925505274038,1.047558843629508,0.8195398077800211,0.8799562238865378,1.0407948718921742
2009Q2,-0.1851247642470355,-0.219586786933057,-6.756146963272425,0.8188055121509855,0.8807925505275384,1.047558843629508,0.8195398068590143,0.8799562233031489,1.0407948672536664
2009Q3,0.6862187581308632,0.7264873372626823,2.019724281421187,0.8188055121511982,0.8807925505275704,1.047558843629508,0.8195398065079398,0.8799562230807713,1.0407948654855266
