response,horizon_quarters,shock,share
g_gdp,1,g_gdp,0.9999999999999998
g_gdp,2,g_gdp,0.9820894411413795
g_gdp,3,g_gdp,0.9660095777419792
g_gdp,4,g_gdp,0.9426601344740334
g_gdp,5,g_gdp,0.9217352166384318
g_gdp,6,g_gdp,0.8860631866711834
g_gdp,7,g_gdp,0.882587755179716
g_gdp,8,g_gdp,0.883843010238974
g_gdp,9,g_gdp,0.8767916916709156
g_gdp,10,g_gdp,0.8725262748678211
g_gdp,11,g_gdp,0.8721110088507429
g_gdp,12,g_gdp,0.8685520417129072
g_gdp,13,g_gdp,0.8660781760344727
g_gdp,14,g_gdp,0.8642749957924712
g_gdp,15,g_gdp,0.862116075259096
g_gdp,16,g_gdp,0.8605808679736487
g_gdp,1,infl,0.0
g_gdp,2,infl,0.0029872784297191807
g_gdp,3,infl,0.007265114419563252
g_gdp,4,infl,0.021705525776078767
g_gdp,5,infl,0.0432291643139944
g_gdp,6,infl,0.05815353263959487
g_gdp,7,infl,0.05964866763935703
g_gdp,8,infl,0.05902536425897841
g_gdp,9,infl,0.06607747655585829
g_gdp,10,infl,0.07062949553923305
g_gdp,11,infl,0.07114716297947653
g_gdp,12,infl,0.07498947763410024
g_gdp,13,infl,0.07547042510017767
g_gdp,14,infl,0.07591715670773168
g_gdp,15,infl,0.07724988528643774
g_gdp,16,infl,0.07738420455097586
g_gdp,1,tbilrate,0.0
g_gdp,2,tbilrate,0.01492328042890113
g_gdp,3,tbilrate,0.026725307838457394
g_gdp,4,tbilrate,0.035634339749887674
g_gdp,5,tbilrate,0.03503561904757357
g_gdp,6,tbilrate,0.055783280689221455
g_gdp,7,tbilrate,0.057763577180926756
g_gdp,8,tbilrate,0.05713162550204738
g_gdp,9,tbilrate,0.05713083177322579
g_gdp,10,tbilrate,0.05684422959294567
g_gdp,11,tbilrate,0.05674182816978035
g_gdp,12,tbilrate,0.056458480652992395
g_gdp,13,tbilrate,0.058451398865349585
g_gdp,14,tbilrate,0.059807847499796944
g_gdp,15,tbilrate,0.060634039454466125
g_gdp,16,tbilrate,0.06203492747537516
infl,1,g_gdp,0.024120078454282046
infl,2,g_gdp,0.05806669917700438
infl,3,g_gdp,0.05666152299859097
infl,4,g_gdp,0.10848553405770803
infl,5,g_gdp,0.12669778652328303
infl,6,g_gdp,0.13663793248571493
infl,7,g_gdp,0.1850698005031809
infl,8,g_gdp,0.20151390809296135
infl,9,g_gdp,0.213979831911762
infl,10,g_gdp,0.22222049905211302
infl,11,g_gdp,0.2274730932469751
infl,12,g_gdp,0.22942168965571852
infl,13,g_gdp,0.23127868411184863
infl,14,g_gdp,0.23074730630017568
infl,15,g_gdp,0.2301815926613449
infl,16,g_gdp,0.22962582252072902
infl,1,infl,0.9758799215457178
infl,2,infl,0.9137319005924114
infl,3,infl,0.9148063301912033
infl,4,infl,0.8635832075587437
infl,5,infl,0.8408072425922022
infl,6,infl,0.8328979486648147
infl,7,infl,0.787950999002638
infl,8,infl,0.772277251343093
infl,9,infl,0.7597849895303672
infl,10,infl,0.7517795201716707
infl,11,infl,0.7469897966056391
infl,12,infl,0.7425736272263821
infl,13,infl,0.7397909399273205
infl,14,infl,0.7392910714423615
infl,15,infl,0.7376786492149804
infl,16,infl,0.7371031401496619
infl,1,tbilrate,0.0
infl,2,tbilrate,0.028201400230584126
infl,3,tbilrate,0.02853214681020559
infl,4,tbilrate,0.02793125838354815
infl,5,tbilrate,0.032494970884514765
infl,6,tbilrate,0.03046411884947031
infl,7,tbilrate,0.02697920049418094
infl,8,tbilrate,0.02620884056394552
infl,9,tbilrate,0.026235178557870817
infl,10,tbilrate,0.02599998077621606
infl,11,tbilrate,0.025537110147385557
infl,12,tbilrate,0.02800468311789931
infl,13,tbilrate,0.028930375960830774
infl,14,tbilrate,0.02996162225746262
infl,15,tbilrate,0.03213975812367459
infl,16,tbilrate,0.03327103732960896
tbilrate,1,g_gdp,0.1186598401613337
tbilrate,2,g_gdp,0.18061333028846707
tbilrate,3,g_gdp,0.26258027917394977
tbilrate,4,g_gdp,0.31117116884299967
tbilrate,5,g_gdp,0.34442527607466134
tbilrate,6,g_gdp,0.3944406095579652
tbilrate,7,g_gdp,0.4273388888920929
tbilrate,8,g_gdp,0.4517788894747526
tbilrate,9,g_gdp,0.4683481549662773
tbilrate,10,g_gdp,0.4800162390082893
tbilrate,11,g_gdp,0.4915137557447569
tbilrate,12,g_gdp,0.49753168503841677
tbilrate,13,g_gdp,0.4999811245589475
tbilrate,14,g_gdp,0.5023028706055918
tbilrate,15,g_gdp,0.5035788461848472
tbilrate,16,g_gdp,0.5039169510019222
tbilrate,1,infl,0.09338115392833118
tbilrate,2,infl,0.07271638931395795
tbilrate,3,infl,0.07023691577307264
tbilrate,4,infl,0.08942920373378746
tbilrate,5,infl,0.09342150880692185
tbilrate,6,infl,0.08510395955549453
tbilrate,7,infl,0.0970021100819534
tbilrate,8,infl,0.10955455444229477
tbilrate,9,infl,0.11824288312987419
tbilrate,10,infl,0.12958959812918458
tbilrate,11,infl,0.13670066006304785
tbilrate,12,infl,0.14589556808031665
tbilrate,13,infl,0.15798670276544746
tbilrate,14,infl,0.166954885140584
tbilrate,15,infl,0.17526649318205204
tbilrate,16,infl,0.18363616641846417
tbilrate,1,tbilrate,0.7879590059103351
tbilrate,2,tbilrate,0.7466702803975749
tbilrate,3,tbilrate,0.6671828050529776
tbilrate,4,tbilrate,0.5993996274232128
tbilrate,5,tbilrate,0.5621532151184169
tbilrate,6,tbilrate,0.5204554308865403
tbilrate,7,tbilrate,0.47565900102595376
tbilrate,8,tbilrate,0.4386665560829527
tbilrate,9,tbilrate,0.41340896190384846
tbilrate,10,tbilrate,0.39039416286252604
tbilrate,11,tbilrate,0.3717855841921951
tbilrate,12,tbilrate,0.3565727468812665
tbilrate,13,tbilrate,0.34203217267560504
tbilrate,14,tbilrate,0.33074224425382415
tbilrate,15,tbilrate,0.32115466063310083
tbilrate,16,tbilrate,0.3124468825796137
