,Relation 1
1959Q1,-1.1288108962560728
1959Q2,-1.077921371464038
1959Q3,-1.1436424844242856
1959Q4,-1.1196634649793316
1960Q1,-1.0471406422404277
1960Q2,-1.1425100926303753
1960Q3,-1.1379821132839467
1960Q4,-1.2387265669388359
1961Q1,-1.2159481974057815
1961Q2,-1.1760211254615465
1961Q3,-1.1160517580421316
1961Q4,-1.1188793364516525
1962Q1,-1.0816096141753515
1962Q2,-1.0977867330285362
1962Q3,-1.0908393539907586
1962Q4,-1.134606801229568
1963Q1,-1.0980402248776377
1963Q2,-1.092425257162325
1963Q3,-1.076023492031706
1963Q4,-1.0747657537920396
1964Q1,-1.0598067008110583
1964Q2,-1.0811071584592642
1964Q3,-1.0834364920903938
1964Q4,-1.080185417994729
1965Q1,-1.0312480397777373
1965Q2,-1.0365807415301973
1965Q3,-1.0227880274217882
1965Q4,-1.0433059616215272
1966Q1,-0.9914386730517104
1966Q2,-1.0044190244524929
1966Q3,-1.023789273594172
1966Q4,-1.0196940194462376
1967Q1,-1.038829349779337
1967Q2,-1.0900133296420755
1967Q3,-1.0724373878829792
1967Q4,-1.0614362862746276
1968Q1,-1.067366835895024
1968Q2,-1.0507863213855424
1968Q3,-1.0971815702222263
1968Q4,-1.093979536527302
1969Q1,-1.05598263154198
1969Q2,-1.0691050405881712
1969Q3,-1.0561996950781223
1969Q4,-1.110390441610642
1970Q1,-1.1430383877630659
1970Q2,-1.1470230974107247
1970Q3,-1.1420279298259426
1970Q4,-1.1867557307742105
1971Q1,-1.1126867618502452
1971Q2,-1.1028135485779502
1971Q3,-1.099912532490176
1971Q4,-1.1459128290751306
1972Q1,-1.1065047255043021
1972Q2,-1.0768255840543317
1972Q3,-1.0842716195221693
1972Q4,-1.1041676585220939
1973Q1,-1.0699162353853233
1973Q2,-1.027910059569786
1973Q3,-1.0652203166666316
1973Q4,-1.026367520321228
1974Q1,-1.0629591588160265
1974Q2,-1.0695411290266028
1974Q3,-1.1241772375506947
1974Q4,-1.0968141172884787
1975Q1,-1.2486093078551543
1975Q2,-1.2921484446929514
1975Q3,-1.246890718688434
1975Q4,-1.2342889226518798
1976Q1,-1.181678598469103
1976Q2,-1.162653144131139
1976Q3,-1.1745426647079378
1976Q4,-1.184862770633086
1977Q1,-1.1615869432628707
1977Q2,-1.103018801360831
1977Q3,-1.0670779695245667
1977Q4,-1.1113921727238254
1978Q1,-1.1051776168002574
1978Q2,-1.0596380501556415
1978Q3,-1.037302224642411
1978Q4,-1.0232623886736676
1979Q1,-1.0302986204367686
1979Q2,-1.0298639722382972
1979Q3,-1.0521368521473489
1979Q4,-1.0661181830416124
1980Q1,-1.0646581839793696
1980Q2,-1.107527119237474
1980Q3,-1.1790278605979894
1980Q4,-1.1204791787444337
1981Q1,-1.04775674308025
1981Q2,-1.0874141723408979
1981Q3,-1.0431739811599205
1981Q4,-1.068424940309803
1982Q1,-1.1673411041790027
1982Q2,-1.1686457337281404
1982Q3,-1.1931630399031854
1982Q4,-1.2837337781395863
1983Q1,-1.265326331828327
1983Q2,-1.2168605555348109
1983Q3,-1.185035419709155
1983Q4,-1.1264762358734504
1984Q1,-1.0572414210747163
1984Q2,-1.0428793366589642
1984Q3,-1.0313901068000249
1984Q4,-1.0563634764939571
1985Q1,-1.0974485234218263
1985Q2,-1.0933670919354634
1985Q3,-1.1172065994963332
1985Q4,-1.088515001195306
1986Q1,-1.0944748948742395
1986Q2,-1.1231074761147164
1986Q3,-1.163775029949691
1986Q4,-1.1681866674562575
1987Q1,-1.1405330150985715
1987Q2,-1.1517653770384608
1987Q3,-1.1613878876384576
1987Q4,-1.0998045140350297
1988Q1,-1.1605434782663224
1988Q2,-1.144559781950769
1988Q3,-1.1486810347340422
1988Q4,-1.1468559186861338
1989Q1,-1.1193776120434042
1989Q2,-1.1271747808774457
1989Q3,-1.1445428395653072
1989Q4,-1.1573813871088612
1990Q1,-1.1540782458786751
1990Q2,-1.155551293453307
1990Q3,-1.1774891052815974
1990Q4,-1.2153583991932906
1991Q1,-1.2423121947793911
1991Q2,-1.2518249845098532
1991Q3,-1.2381622485879906
1991Q4,-1.209108792463277
1992Q1,-1.2418927042172583
1992Q2,-1.2000189652157816
1992Q3,-1.201838465997929
1992Q4,-1.1918748209694774
1993Q1,-1.1818514340087554
1993Q2,-1.18670145605688
1993Q3,-1.2003508128243816
1993Q4,-1.1689864575596605
1994Q1,-1.1507951798577034
1994Q2,-1.113076784259662
1994Q3,-1.1320482832483696
1994Q4,-1.1082018071474289
1995Q1,-1.101181806710528
1995Q2,-1.1306529068295392
1995Q3,-1.1437471568655848
1995Q4,-1.1307596959514734
1996Q1,-1.130996325307148
1996Q2,-1.100291539363209
1996Q3,-1.0698815049854495
1996Q4,-1.0746569570818802
1997Q1,-1.0691241390068529
1997Q2,-1.0211353774966443
1997Q3,-1.0260167705662206
1997Q4,-1.0275083930676758
1998Q1,-1.0047592654784037
1998Q2,-1.0327386933459202
1998Q3,-1.0237967546560949
1998Q4,-1.012075405367257
1999Q1,-0.9998407709751181
1999Q2,-1.0209903546190193
1999Q3,-1.0126557525608768
1999Q4,-0.9961434224016625
2000Q1,-1.0283584123068488
2000Q2,-0.9815794224114556
2000Q3,-1.0075968728381504
2000Q4,-1.0164331292749367
2001Q1,-1.0618001808267845
2001Q2,-1.0637737848134203
2001Q3,-1.0878417207491342
2001Q4,-1.1493646800461939
2002Q1,-1.1252488631824267
2002Q2,-1.1208911443504916
2002Q3,-1.1260931557230072
2002Q4,-1.132408650347956
2003Q1,-1.137179754085622
2003Q2,-1.1412633526731502
2003Q3,-1.1251491908494353
2003Q4,-1.102031723097026
2004Q1,-1.1078167126816671
2004Q2,-1.082350444947702
2004Q3,-1.0812213076670536
2004Q4,-1.0788656850880485
2005Q1,-1.0680326632245074
2005Q2,-1.091841065883156
2005Q3,-1.0892810045408878
2005Q4,-1.0656810262180776
2006Q1,-1.0619992861977503
2006Q2,-1.068568973180174
2006Q3,-1.0879280458419187
2006Q4,-1.1164275710760052
2007Q1,-1.138953014310999
2007Q2,-1.1269521167949337
2007Q3,-1.1249212385775527
2007Q4,-1.1378086117057808
2008Q1,-1.1495834192579197
2008Q2,-1.1640246315825684
2008Q3,-1.1671031389207691
2008Q4,-1.212393762630148
2009Q1,-1.3455121870596563
2009Q2,-1.3874487318853879
2009Q3,-1.3798842656945165
